id,state,name,url,created_at,updated_at,ip_address_range,facility_type,public,time_zone,use_id_feed,one_day_credit,seven_days_credits,thirty_days_credits,tablet_time,entertainment_time,integration_id,dashboard_id,second_dashboard_id,enable_new_dashboard,hide_inmate_answers,navigation_map_id,edovo_disabled,area_code,goals_enabled,enable_point_service,calculator_enabled,dictionary_enabled,mental_health_enabled,zendesk_enabled,zendesk_widget_enabled,location_group_id,content_base_url
46,AR,AR DOC Eastern Regional Unit,,2016-06-28 11:01:00,2020-03-24 11:31:08.251,"12.184.209.246,12.184.209.246",PAID_FOR,f,US/Central,t,0.00,0.00,0.00,86400000,86400000,ERU_AR_DOC,175041,120766,0,1,109,f,201,t,t,t,t,f,f,f,,https://tcontent.edovo.com
184,MN,ZZ_Ramsey County_INACTIVE,,2017-05-30 10:13:34.491,2019-12-20 10:17:54.939,,PAID_FOR,f,US/Central,f,0.00,0.00,0.00,86400000,86400000,RAMSEY_MN,,,0,1,,f,201,t,t,t,t,f,t,f,,
328,KY,ZZ_McCracken County_INACTIVE,,2017-10-30 11:26:43.69,2020-05-18 15:38:40.876,,PAID_FOR,f,US/Central,f,0.00,0.00,0.00,86400000,86400000,MCCRACKEN_KY,,,0,0,,f,270,f,f,f,f,f,f,f,1642,
496,AR,AR DOC Benton Unit,,2018-05-24 13:33:54.343,2020-03-26 13:59:49.442,"12.184.211.182,12.184.211.182",PAID_FOR,f,US/Central,t,0.00,0.00,0.00,86400000,86400000,BENTON_AR_DOC,175041,120766,0,1,109,f,201,t,t,t,t,f,f,f,,https://tcontent.edovo.com
637,KS,KDOC KJCC,,2018-10-29 09:48:18.483,2020-05-15 13:09:02.587,"10.1.44.0,10.1.47.255",PAID_FOR,f,US/Central,t,0.00,0.00,0.00,86400000,86400000,KANSAS-JUVI-KDOC,175041,120766,0,1,109,f,316,t,t,t,t,f,f,f,1743,
703,CA,Forms County,,2019-09-23 08:50:43.798,2019-10-07 10:05:40.472,,PAID_FOR,t,US/Pacific,t,0.00,0.00,0.00,86400000,86400000,,175041,120766,0,1,109,f,208,t,t,t,t,f,t,f,,
734,WI,[Demo] - Premium Forms,,2020-07-01 14:50:39.384,2020-07-01 16:05:05.553,,PAID_FOR,f,US/Central,f,0.00,0.00,0.00,86400000,86400000,,,,0,0,,f,201,f,t,f,f,f,f,f,,
42,GA,ZZ_Bartow County_INACTIVE,,2016-05-23 14:16:14,2020-05-18 15:37:29.632,,PAID_FOR,f,US/Eastern,f,0.00,0.00,0.00,86400000,86400000,BARTOW_GA,,,0,1,,f,201,t,t,t,t,f,f,f,1615,
178,CA,Trinity County,,2017-04-17 08:40:55,2020-05-18 14:15:41.751,"10.0.8.1,10.0.11.255",PAID_FOR,f,US/Pacific,f,0.00,0.00,0.00,86400000,86400000,TRINITY_CA,175041,120766,1,1,109,f,201,t,t,t,t,f,f,f,610,
325,VA,ZZ_Martinsville City,,2017-10-30 11:25:11.12,2020-07-29 14:43:51.722,,PAID_FOR,f,US/Eastern,f,0.00,0.00,0.00,86400000,86400000,MARTINSVILLE_VA,175041,120766,0,1,,f,276,t,t,t,t,f,f,f,1655,
493,VA,RSW Regional,,2018-05-10 09:16:37.462,2020-05-18 13:45:51.41,"10.0.164.1,10.0.167.254",PAID_FOR,f,US/Eastern,t,0.00,0.00,0.00,86400000,86400000,RSW_VA,175041,120766,1,1,109,f,540,t,t,t,t,f,f,f,1719,
631,WI,TurnKey Lab,,2018-10-17 17:20:50.184,2020-05-21 09:55:38.422,"96.88.27.246,96.88.27.248",PAID_FOR,f,US/Central,f,0.00,0.00,0.00,86400000,86400000,,175041,120766,1,1,109,f,414,t,t,t,t,f,f,f,1726,
702,IL,ID Feed Test Facility,,2019-09-04 14:33:05.532,2020-05-26 10:43:29.681,,PAID_FOR,f,US/Central,f,0.00,0.00,0.00,86400000,86400000,,,,0,0,,f,201,f,t,f,f,f,t,f,,
733,WI,[Demo] - Standard Forms,,2020-07-01 14:48:56.762,2020-07-01 16:05:18.402,,PAID_FOR,f,US/Central,f,0.00,0.00,0.00,86400000,86400000,,,,0,0,,f,201,f,t,f,f,f,f,f,,
9,IL,IYC Chicago,,2015-05-14 22:20:14,2020-05-15 13:03:43.885,"10.0.12.1,10.0.15.255",PAID_FOR,f,US/Central,f,0.00,0.00,0.00,86400000,86400000,CHICAGO_IYC,175041,120766,0,1,109,f,630,t,t,t,t,f,f,f,1619,
123,IL,Edovo Go - General,,2016-11-02 15:33:28,2020-07-23 16:57:27.615,,PAID_FOR,t,US/Central,f,0.00,0.00,0.00,86400000,86400000,,175041,120766,0,1,117,f,201,t,t,t,t,f,f,f,,
274,AR,AR DOC J Aaron Hawkins Senior Center for Women,,2017-10-10 09:02:46.656,2020-03-26 14:00:30.184,"67.220.62.94,67.220.62.94",PAID_FOR,f,US/Central,t,0.00,0.00,0.00,86400000,86400000,HAWKINS_AR_DOC,175041,120766,0,1,109,f,501,t,t,t,t,f,f,f,,https://tcontent.edovo.com
424,IL,RePower RMA,,2018-03-29 14:09:24.614,2020-05-18 13:44:27.931,"50.235.97.38,50.235.97.39;50.76.68.233,50.76.68.233",PAID_FOR,f,US/Central,f,0.00,0.00,0.00,86400000,86400000,Re_Up_RMA,,,0,0,109,f,217,f,f,f,f,f,t,f,1725,
562,NC,Edgecombe County,,2018-08-23 10:33:50.736,2020-05-15 12:52:14.107,"65.127.82.74,65.127.82.78",PAID_FOR,f,US/Eastern,t,0.00,0.00,0.00,86400000,86400000,EDGECOMBE_NC,175041,120766,1,1,109,f,201,t,t,t,t,f,f,f,1733,
688,GA,Jackson County Correctional Institute,,2019-02-25 12:39:08.501,2020-03-26 14:17:08.325,"10.1.128.1,10.1.131.254",PAID_FOR,f,US/Eastern,t,0.00,0.00,0.00,86400000,86400000,JACKSON_GA,175041,120766,0,1,109,f,706,t,t,t,t,f,f,f,,
720,MN,Todd County,,2020-01-16 11:38:31.45,2020-05-18 14:15:16.436,"24.196.56.154,24.196.56.158",PAID_FOR,f,US/Central,t,0.00,0.00,0.00,86400000,86400000,TODD_MN,175041,120766,1,1,109,f,320,t,t,t,t,f,f,f,1864,
38,MD,MD DOC (GTL Test Facility),,2016-04-27 15:45:56,2020-06-03 10:21:28.835,"47.144.128.64,47.144.128.64",PAID_FOR,f,US/Eastern,f,0.00,0.00,0.00,86400000,86400000,MD_DOC,175041,120766,0,0,109,f,240,t,t,t,t,f,f,f,,
169,MI,Michigan Staff,,2017-03-22 13:25:50,2020-03-26 14:30:56.70,,PAID_FOR,t,US/Central,f,0.00,0.00,0.00,86400000,86400000,MI_STAFF,175041,120766,0,1,115,f,201,t,t,t,t,f,f,f,,
316,IN,Vigo County,,2017-10-30 11:14:18.786,2020-05-18 14:21:15.603,"10.0.196.1,10.0.199.255",PAID_FOR,f,US/Eastern,f,0.00,0.00,0.00,86400000,86400000,VIGO_IN,175041,120766,1,1,109,f,219,t,t,t,t,f,f,f,1645,
478,AR,ZZ_Securus Transcoding QA Facility,,2018-04-30 16:45:30.421,2019-12-19 14:05:59.871,,PAID_FOR,f,US/Central,f,0.00,0.00,0.00,86400000,86400000,SECURUS_AR,,,0,0,,f,201,t,t,t,t,f,f,f,,https://tcontent.edovo.com
622,ID,ID DOC IMSI,,2018-10-17 12:30:16.841,2020-05-21 13:43:39.216,"10.1.88.0,10.1.91.255",PAID_FOR,f,US/Mountain,t,0.00,0.00,0.00,86400000,86400000,IMSI_ID_DOC,175041,120766,0,1,109,f,201,t,t,t,t,f,f,f,1742,
700,NC,Wilson County,,2019-07-11 10:47:56.771,2020-03-26 14:44:06.605,"63.144.40.210,63.144.40.210",PAID_FOR,f,US/Eastern,f,0.00,0.00,0.00,86400000,86400000,WILSON_NC,175041,120766,0,1,119,f,252,t,t,t,t,f,f,f,,
731,OR,Lincoln County (OR),,2020-06-30 09:49:39.668,2020-07-15 10:08:40.704,"68.116.101.10,68.116.101.12",PAID_FOR,f,US/Pacific,t,0.00,0.00,0.00,86400000,86400000,Lincoln_OR,175041,120766,1,1,109,f,458,t,t,t,t,f,f,f,,
40,IL,ZZ_Full Content Demo,,2016-05-12 10:38:51,2019-12-20 09:28:41.21,,PAID_FOR,t,US/Central,f,0.00,0.00,0.00,86400000,86400000,FULL_CONTENT_DEMO,175041,120766,1,0,,f,201,t,t,t,t,f,t,f,,
173,IL,VendEngine Demo,,2017-04-03 15:04:26,2020-05-18 14:20:54.218,"1.1.1.1,1.1.1.2",PAID_FOR,t,US/Central,f,0.00,0.00,0.00,86400000,86400000,VEND_ENGINE_DEMO_ID,175041,120766,1,1,109,f,201,t,t,f,f,f,t,f,1682,
322,IN,Sullivan County,,2017-10-30 11:18:29.454,2020-05-18 14:13:10.426,"10.0.184.1,10.0.187.255",PAID_FOR,f,US/Eastern,f,0.00,0.00,0.00,86400000,86400000,SULLIVAN_IN,175041,120766,1,1,109,f,219,t,t,t,t,f,f,f,1644,
490,CA,San Luis Obispo Juvenile Services Center,,2018-05-08 16:43:56.382,2020-05-18 13:47:23.728,"10.0.84.1,10.0.87.254",PAID_FOR,f,US/Pacific,f,0.00,0.00,0.00,86400000,86400000,SAN_LUIS_OBISPO_CA,,,0,1,109,f,805,t,t,t,t,f,f,f,1722,
625,CA,Sacramento Youth Detention Facility,,2018-10-17 12:30:57.419,2020-05-18 13:46:57.163,"10.1.80.0,10.1.83.255",PAID_FOR,f,US/Pacific,t,0.00,0.00,0.00,86400000,86400000,SACRAMENTO_YDF_CA,175041,120766,0,1,109,f,209,t,t,t,t,f,f,f,1749,
701,NC,Carteret County,,2019-08-14 22:52:30.848,2020-03-26 14:04:43.14,"24.123.188.250,24.123.188.250",PAID_FOR,f,US/Eastern,t,0.00,0.00,0.00,86400000,86400000,CARTERET_NC,175041,120766,0,1,109,f,201,t,t,t,t,f,f,f,,
732,CA,Sonoma County Juvenile,,2020-06-30 13:28:00.456,2020-07-29 17:47:53.063,"10.100.28.0,10.100.31.255",PAID_FOR,f,US/Pacific,f,0.00,0.00,0.00,86400000,86400000,Sonoma_Juvenile_CA,175041,120766,0,1,109,f,209,t,t,t,t,f,f,f,,
72,CA,ZZ_Lassen County,,2016-08-24 10:08:44,2020-05-15 13:15:58.276,,PAID_FOR,f,US/Pacific,f,0.00,0.00,0.00,86400000,86400000,LASSEN_CA,175041,120766,0,1,,f,201,t,t,t,t,f,f,f,615,
217,MI,MI DOC Thumb,,2017-07-06 07:58:54.784,2020-05-15 13:26:25.753,"10.100.12.1,10.100.15.254",PAID_FOR,f,US/Michigan,t,0.00,0.00,0.00,86400000,86400000,THUMB_MI_DOC,175041,120766,0,1,109,f,313,t,t,t,t,f,f,f,599,
376,CA,Mendocino County,,2018-01-08 08:32:44.989,2020-05-15 13:23:35.211,"10.0.180.0,10.0.183.255",PAID_FOR,f,US/Pacific,t,0.00,0.00,0.00,86400000,86400000,MENDOCINO_CA,,,1,1,109,f,707,t,t,t,t,f,f,f,1641,
520,AR,AR DOC Varner Unit,,2018-05-24 14:07:24.135,2020-03-26 14:02:45.077,"12.144.146.142,12.144.146.142",PAID_FOR,f,US/Central,t,0.00,0.00,0.00,86400000,86400000,VARNER_AR_DOC,175041,120766,0,1,109,f,201,t,t,t,t,f,f,f,,https://tcontent.edovo.com
664,KS,KDOC Winfield,,2018-10-29 09:56:39.734,2020-05-15 13:12:54.92,"10.1.72.0,10.1.75.255",PAID_FOR,f,US/Central,t,0.00,0.00,0.00,86400000,86400000,WINFIELD_KDOC,175041,120766,0,1,109,f,316,t,t,t,t,f,f,f,1761,
710,OR,Jackson County (OR),,2019-11-04 14:11:29.202,2020-05-15 13:05:05.747,,PAID_FOR,f,US/Pacific,t,0.00,0.00,0.00,86400000,86400000,JACKSON_MJ_OR,175041,120766,0,1,109,f,541,t,t,t,t,f,f,f,1789,
7,IL,Edovo Headquarters,,,2020-06-23 14:30:45.862,"192.168.11.1,192.168.11.255;10.16.0.0,10.16.3.255;10.255.0.0,10.255.3.255",PAID_FOR,f,US/Central,f,0.00,0.00,0.00,86400000,86400000,Edovo_HQ,175041,222641,1,0,109,f,201,t,t,t,t,t,t,f,,
117,CA,Yolo County,,2016-10-31 14:42:29,2020-07-10 12:28:35.84,"10.100.0.1,10.100.3.254",PAID_FOR,f,US/Pacific,t,0.00,0.00,0.00,86400000,86400000,YOLO_CA,175041,120766,1,1,109,f,530,t,t,t,t,f,f,f,618,
268,AR,AR DOC Grimes Unit,,2017-10-10 08:58:26.518,2020-03-26 14:00:22.28,"12.184.209.221,12.184.209.221",PAID_FOR,f,US/Central,t,0.00,0.00,0.00,86400000,86400000,GRIMES_AR_DOC,175041,120766,0,1,109,f,501,t,t,t,t,f,f,f,,https://tcontent.edovo.com
418,NC,Granville County,,2018-03-12 11:23:50.985,2020-05-15 12:56:38.541,"10.0.76.1,10.0.79.254;",PAID_FOR,f,US/Eastern,t,0.00,0.00,0.00,86400000,86400000,GRANVILLE_NC,175041,120766,1,1,109,f,919,t,t,t,t,f,f,f,1709,
556,MT,Dawson County,,2018-08-23 10:32:53.277,2020-05-15 12:49:06.051,"10.1.0.0,10.1.3.255",PAID_FOR,f,US/Mountain,t,0.00,0.00,0.00,86400000,86400000,DAWSON_MT,175041,120766,1,1,109,f,201,t,t,t,t,f,f,f,1732,
686,CA,Fresno County Sheriff,,2019-01-29 20:10:06.844,2020-05-15 12:56:17.53,"10.1.120.0,10.1.123.255",PAID_FOR,f,US/Pacific,t,0.00,0.00,0.00,86400000,86400000,FRESNO_CA,175041,120766,1,1,109,f,209,t,t,t,t,f,f,f,1819,
718,MD,Kent County,,2020-01-16 08:47:58.616,2020-03-26 14:22:46.785,"72.28.248.44,72.28.248.46",PAID_FOR,f,US/Eastern,t,0.00,0.00,0.00,86400000,86400000,KENT_MD,,120766,0,1,109,f,616,f,t,t,t,f,f,f,,
80,CA,ZZ_Samsung Test Site Two,,2016-09-06 12:36:02,2018-11-29 13:29:28.936,,PAID_FOR,f,US/Pacific,f,0.00,0.00,0.00,86400000,86400000,SAMSUNG_TEST,175041,120766,0,0,,f,201,f,f,f,f,f,t,f,,
221,KS,Wyandotte County,,2017-07-17 17:19:17.769,2020-05-18 14:23:33.598,"10.0.148.1,10.0.151.255",PAID_FOR,f,US/Central,t,0.00,0.00,0.00,86400000,86400000,WYANDOTTE_KS,175041,426288,1,1,109,f,913,t,t,t,t,f,f,f,594,
382,GA,Butts County,,2018-01-19 15:14:43.797,2020-05-15 12:43:25.323,"96.38.230.180,96.38.230.182",PAID_FOR,f,US/Eastern,t,0.00,0.00,0.00,86400000,86400000,BUTTS_GA,175041,120766,0,1,109,f,229,t,t,t,t,f,f,f,1684,
523,AR,AR DOC Wrightsville Unit,,2018-05-24 14:07:53.423,2020-03-26 14:02:53.35,"67.220.62.86,67.220.62.86",PAID_FOR,f,US/Central,t,0.00,0.00,0.00,86400000,86400000,WRIGHTSVILLE_AR_DOC,175041,120766,0,1,109,f,201,t,t,t,t,f,f,f,,https://tcontent.edovo.com
667,KS,KDOC Larned,,2018-10-29 09:57:16.927,2020-05-15 13:09:48.988,"10.1.76.0,10.1.79.255",PAID_FOR,f,US/Central,t,0.00,0.00,0.00,86400000,86400000,LARNED_KDOC,175041,120766,0,1,109,f,201,t,t,t,t,f,f,f,1757,
711,FL,Bay County,,2019-11-05 10:13:55.264,2020-04-30 13:46:18.249,,PAID_FOR,f,US/Eastern,t,0.00,0.00,0.00,86400000,86400000,BAY_FL,,,0,1,109,f,201,f,f,t,t,f,f,f,,
15,AL,Tutwiler,,2015-09-02 11:57:38,2020-05-18 14:18:06.303,"10.0.24.20,10.0.27.255",PAID_FOR,f,US/Central,f,0.00,0.00,0.00,86400000,86400000,TUTWILER_AL_DOC,175041,120766,0,1,109,f,201,t,t,t,t,f,f,f,606,
133,CA,Sonoma County,,2016-11-14 09:31:25,2020-06-18 16:51:37.661,"10.100.8.1,10.100.11.254",PAID_FOR,f,US/Pacific,t,0.00,0.00,0.00,86400000,86400000,SONOMA_CA,175041,120766,0,1,109,f,209,t,t,t,t,f,f,f,581,
283,AR,AR DOC Pine Bluff Reentry Center,,2017-10-10 09:07:10.053,2020-03-26 14:01:42.295,"12.239.92.70,12.239.92.70",PAID_FOR,f,US/Central,t,0.00,0.00,0.00,86400000,86400000,PINE_BLUFF_REENTRY_AR_DOC,175041,120766,0,1,109,f,501,t,t,t,t,f,f,f,,https://tcontent.edovo.com
439,CA,El Dorado County,,2018-04-16 08:02:12.354,2020-05-15 12:54:16.193,"10.0.132.100,10.0.135.254;10.0.172.100,10.0.175.254",PAID_FOR,f,US/Pacific,t,0.00,0.00,0.00,86400000,86400000,EL_DORADO_CA,175041,120766,1,1,109,f,530,t,t,t,t,f,f,f,1715,
580,GA,Franklin County,,2018-10-02 07:00:56.191,2020-05-15 12:55:54.416,"98.17.62.42,98.17.62.44",PAID_FOR,f,US/Eastern,t,0.00,0.00,0.00,86400000,86400000,FRANKLIN_GA,175041,120766,1,1,109,f,229,t,t,t,t,f,f,f,1751,
692,GA,Lumpkin County,,2019-04-17 11:29:18.211,2020-03-26 14:23:22.359,"12.168.98.202,12.168.98.204",PAID_FOR,f,US/Eastern,t,0.00,0.00,0.00,86400000,86400000,LUMKIN_GA,175041,120766,0,1,109,f,229,t,t,t,t,f,f,f,,
723,GA,Jackson County Jail (GA),,2020-02-24 15:48:45.351,2020-07-01 09:58:00.082,"10.10.168.1,10.10.168.255;12.150.110.121,12.150.110.124",PAID_FOR,f,US/Eastern,t,0.00,0.00,0.00,86400000,86400000,JACKSON-GA,175041,120766,1,1,109,f,706,f,f,t,t,f,f,f,1775,
49,VA,Northern Neck Regional,,2016-06-28 11:02:25,2020-03-26 14:33:14.155,"69.161.99.141,69.161.99.141",PAID_FOR,f,US/Eastern,f,0.00,0.00,0.00,86400000,86400000,NORTHERN_NECK_VA,175041,120766,0,1,109,f,201,t,t,t,t,f,f,f,,
190,KY,ZZ_Daviess County_INACTIVE,,2017-06-07 11:12:23.698,2019-12-20 09:28:19.188,,PAID_FOR,f,US/Central,f,0.00,0.00,0.00,86400000,86400000,DAVIESS_KY,,,0,0,,f,201,f,f,f,f,f,f,f,,
334,AL,PLACEHOLDER ID FEED TEST,,2017-11-03 17:17:36.854,2020-04-06 13:51:52.545,,PAID_FOR,f,US/Central,f,0.00,0.00,0.00,86400000,86400000,ID_FEED_TEST,,,0,0,,f,201,f,f,f,f,f,t,f,,
502,AR,AR DOC Cummins Unit,,2018-05-24 13:36:46.697,2020-03-26 13:59:55.378,"12.179.60.182,12.179.60.182",PAID_FOR,f,US/Central,t,0.00,0.00,0.00,86400000,86400000,CUMMINS_AR_DOC,175041,120766,0,1,109,f,201,t,t,t,t,f,f,f,,https://tcontent.edovo.com
643,KS,KDOC El Dorado,,2018-10-29 09:49:01.015,2020-05-15 13:07:06.379,"10.1.48.0,10.1.51.255",PAID_FOR,f,US/Central,t,0.00,0.00,0.00,86400000,86400000,EL_DORADO_KDOC,175041,120766,0,1,109,f,316,t,t,t,t,f,f,f,1754,
704,NC,Harnett County,,2019-09-23 19:48:35.444,2020-03-25 11:08:35.65,"63.144.40.10,63.144.40.12",PAID_FOR,f,US/Eastern,t,0.00,0.00,0.00,86400000,86400000,HARNETT_NC,175041,120766,0,1,109,f,201,t,t,t,t,f,f,f,,
735,MI,Cheboygan County,,2020-07-14 17:23:40.232,2020-07-15 16:49:23.524,"47.50.106.92,47.50.106.94;71.138.23.25,71.138.23.27",PAID_FOR,f,US/Michigan,t,0.00,0.00,0.00,86400000,86400000,,,,0,1,109,f,201,t,t,t,t,f,f,f,,
52,IL,ZZ_Kankakee County_INACTIVE,,2016-06-28 11:02:58,2019-12-20 09:29:14.64,"50.254.44.13,50.254.44.13",PAID_FOR,f,US/Central,f,0.00,0.00,0.00,86400000,86400000,,175041,120766,0,0,,f,201,f,f,f,f,f,f,f,,
196,GA,Hall County,,2017-07-03 15:14:41.631,2020-05-15 12:57:52.181,"10.0.112.1,10.0.115.255",PAID_FOR,f,US/Eastern,f,0.00,0.00,0.00,86400000,86400000,HALL_GA,175041,120766,0,1,109,f,229,t,t,t,t,f,f,f,578,
340,NC,Randolph County,,2017-11-09 11:44:55.781,2020-05-18 13:43:16.262,"10.0.232.1,10.0.235.255;66.57.216.106,66.57.216.108",PAID_FOR,f,US/Eastern,t,0.00,0.00,0.00,86400000,86400000,RANDOLPH_NC,175041,120766,1,1,109,f,252,t,t,t,t,f,f,f,1656,
505,AR,AR DOC Delta Regional Unit,,2018-05-24 14:03:35.986,2020-03-26 14:00:05.005,"12.184.211.230,12.184.211.230",PAID_FOR,f,US/Central,t,0.00,0.00,0.00,86400000,86400000,DELTA_REGIONAL_AR_DOC,175041,120766,0,1,109,f,201,t,t,t,t,f,f,f,,https://tcontent.edovo.com
646,KS,KDOC Stockton,,2018-10-29 09:49:45.653,2020-05-15 13:11:15.801,"10.1.52.0,10.1.55.255",PAID_FOR,f,US/Central,t,0.00,0.00,0.00,86400000,86400000,STOCKTON_KDOC,175041,120766,0,1,109,f,316,t,t,t,t,f,f,f,1759,
705,GA,Walton County,,2019-09-25 12:00:30.366,2020-03-25 11:09:24.024,"12.221.183.50,12.221.183.52;67.141.184.117,67.141.184.117",PAID_FOR,f,US/Eastern,t,0.00,0.00,0.00,86400000,86400000,WALTON_GA,175041,120766,0,1,109,f,470,t,t,t,t,f,f,f,,
736,MT,Missoula County,,2020-07-21 16:56:01.063,2020-07-21 17:01:32.678,,PAID_FOR,f,US/Mountain,t,0.00,0.00,0.00,86400000,86400000,MISSOULA_MT,175041,120766,0,1,109,f,406,t,t,t,t,f,f,f,,
17,CA,Sacramento County,,2015-12-10 18:18:38,2020-05-18 13:46:13.385,"10.0.100.1,10.0.103.255",PAID_FOR,f,US/Pacific,t,0.00,0.00,0.00,86400000,86400000,SACRAMENTO_CA,,,1,1,109,f,201,t,t,t,t,f,f,f,619,
138,NC,Guilford County Central,,2016-12-01 11:25:14,2020-05-15 12:57:30.387,"10.0.128.0,10.0.131.255",PAID_FOR,f,US/Eastern,t,0.00,0.00,0.00,86400000,86400000,GUILFORD_NC,175041,120766,1,1,109,f,336,t,t,t,t,f,f,f,1632,
286,AR,AR DOC Ester Unit,,2017-10-10 09:48:34.012,2020-03-26 14:00:15.123,"12.184.211.126,12.184.211.126",PAID_FOR,f,US/Central,t,0.00,0.00,0.00,86400000,86400000,ESTER_AR_DOC,175041,120766,0,1,109,f,501,t,t,t,t,f,f,f,,https://tcontent.edovo.com
445,CA,Mendocino County Juvenile,,2018-04-25 15:28:44.557,2020-05-21 13:43:00.894,"10.0.192.1,10.0.195.254",PAID_FOR,f,US/Pacific,f,0.00,0.00,0.00,86400000,86400000,MENDOCINO_JUVI_CA,,,0,1,109,f,707,t,t,t,t,f,f,f,1868,
586,NC,Chatham County,,2018-10-02 07:02:53.992,2020-05-15 12:43:57.994,"184.2.223.104,184.2.223.106",PAID_FOR,f,US/Eastern,t,0.00,0.00,0.00,86400000,86400000,CHATHAM_NC,175041,120766,1,1,109,f,252,t,t,t,t,f,f,f,1750,
693,CA,ZZ_Lake County_INACTIVE,,2019-05-06 15:56:09.084,2020-05-18 15:38:01.977,,PAID_FOR,f,US/Pacific,f,0.00,0.00,0.00,86400000,86400000,LAKE_CA,175041,120766,0,1,,f,310,t,t,t,t,f,t,f,1799,
724,MO,St. Charles County,,2020-03-11 13:32:21.865,2020-03-26 14:42:32.748,"12.43.69.161,12.43.69.164",PAID_FOR,f,US/Central,t,0.00,0.00,0.00,86400000,86400000,ST-CHARLES-MO,,120766,0,1,109,f,636,t,t,t,t,f,f,f,,
69,IL,Kane County,,2016-08-17 09:40:39,2020-05-15 13:06:39.404,"10.0.56.1,10.0.59.255",PAID_FOR,f,US/Central,t,0.00,0.00,0.00,86400000,86400000,KANE_IL,175041,120766,1,1,109,f,224,t,t,t,t,f,f,f,1621,
211,MI,MI DOC Women's Huron,,2017-07-06 07:58:00.905,2020-05-15 13:26:55.855,"10.100.16.1,10.100.19.254",PAID_FOR,f,US/Michigan,t,0.00,0.00,0.00,86400000,86400000,WOMENS_HURON_MI_DOC,175041,120766,0,1,109,f,231,t,t,t,t,f,f,f,598,
370,CA,Humboldt County,,2018-01-04 15:11:02.848,2020-05-15 12:59:58.666,"10.0.200.1,10.0.203.254",PAID_FOR,f,US/Pacific,t,0.00,0.00,0.00,86400000,86400000,HUMBOLDT_CA,175041,120766,1,1,109,f,201,t,t,t,t,f,f,f,1638,
517,AR,AR DOC Texarkana Region Correction Center,,2018-05-24 14:06:05.263,2020-03-26 14:02:05.314,"24.119.75.46,24.119.75.46",PAID_FOR,f,US/Central,t,0.00,0.00,0.00,86400000,86400000,TEXARKANA_AR_DOC,,,0,1,109,f,201,t,t,t,t,f,f,f,,https://tcontent.edovo.com
661,KS,KDOC Oswego,,2018-10-29 09:54:24.96,2020-05-15 13:10:48.757,"10.1.68.0,10.1.71.255;10.1.104.0,10.1.107.255",PAID_FOR,f,US/Central,t,0.00,0.00,0.00,86400000,86400000,OSWEGO_KDOC,175041,120766,0,1,109,f,316,t,t,t,t,f,f,f,1753,
709,MI,MI DOC Oaks,,2019-11-04 13:16:58.36,2020-05-15 13:25:57.24,"10.100.24.0,10.100.27.255",PAID_FOR,f,US/Michigan,t,0.00,0.00,0.00,86400000,86400000,OAKS_MI_DOC,175041,120766,0,1,109,f,231,t,t,t,t,f,f,f,1840,
61,CA,ZZ_Santa Cruz County_INACTIVE,,2016-07-28 15:39:22,2019-12-19 14:06:21.023,,PAID_FOR,f,US/Pacific,f,0.00,0.00,0.00,86400000,86400000,SANTA_CRUZ_CA,,,0,0,,f,831,f,f,f,f,f,f,f,,
208,MI,MI DOC Bellamy Creek,,2017-07-06 07:57:14.074,2020-05-15 13:25:29.153,"10.100.20.1,10.100.23.254",PAID_FOR,f,US/Michigan,t,0.00,0.00,0.00,86400000,86400000,BELLAMY_CREEK_MI_DOC,175041,120766,0,1,109,f,313,t,t,t,t,f,f,f,597,
364,IL,ZZ_McHenry County_INACTIVE,,2018-01-02 08:25:07.173,2019-12-20 09:44:50.89,,PAID_FOR,f,US/Central,f,0.00,0.00,0.00,86400000,86400000,MCHENRY_IL,,,0,0,,f,815,f,f,f,f,f,f,f,,
514,AR,AR DOC Ouachita River Unit,,2018-05-24 14:05:25.851,2020-03-26 14:01:36.467,"12.184.211.206,12.184.211.206",PAID_FOR,f,US/Central,t,0.00,0.00,0.00,86400000,86400000,OUACHITA_RIVER_AR_DOC,175041,120766,0,1,109,f,201,t,t,t,t,f,f,f,,https://tcontent.edovo.com
655,KS,KDOC Ellsworth,,2018-10-29 09:53:33.621,2020-05-15 13:07:37.074,"10.1.64.0,10.1.67.255",PAID_FOR,f,US/Central,t,0.00,0.00,0.00,86400000,86400000,ELLSWORTH_KDOC,175041,120766,0,1,109,f,316,t,t,t,t,f,f,f,1744,
708,MI,MI DOC Alger,,2019-11-04 13:11:42.336,2020-05-15 13:24:40.131,"10.1.172.0,10.1.175.255",PAID_FOR,f,US/Michigan,t,0.00,0.00,0.00,86400000,86400000,ALGER_MI_DOC,175041,120766,0,1,109,f,906,t,t,t,t,f,f,f,1839,
86,NC,Paytel Test Facility,,2016-09-15 12:55:52,2019-12-18 14:24:15.461,"10.0.152.1,10.0.155.255;74.203.105.194,74.203.105.194;",PAID_FOR,f,US/Eastern,f,0.00,0.00,0.00,86400000,86400000,PAYTEL_TEST,175041,120766,1,1,109,f,201,t,t,t,t,f,t,f,,
239,NY,NOC VZW East Region,,2017-08-04 10:41:03.568,2019-10-08 07:43:26.791,"10.254.0.1,10.254.63.255",PAID_FOR,f,US/Eastern,f,0.00,0.00,0.00,86400000,86400000,VZW_East_Region,175041,120766,0,1,109,f,231,t,t,f,f,f,t,f,,
394,NC,Forsyth County,,2018-02-01 16:18:16.044,2020-05-15 12:55:28.226,"10.0.52.1,10.0.55.254;12.198.32.34,12.198.32.37",PAID_FOR,f,US/Eastern,t,0.00,0.00,0.00,86400000,86400000,FORSYTH_NC,175041,120766,1,1,109,f,336,t,t,t,t,f,f,f,1693,
532,IN,Steuben County,,2018-06-13 10:10:28.594,2020-05-18 14:12:17.676,"10.0.92.0,10.0.95.255",PAID_FOR,f,US/Eastern,t,0.00,0.00,0.00,86400000,86400000,STEUBEN_IN,,,0,1,109,f,260,t,t,t,t,f,f,f,1723,
679,ME,ME DOC Mountain View,,2018-11-12 07:01:31.547,2020-05-15 13:22:43.218,"10.1.96.0,10.1.99.255",PAID_FOR,f,US/Eastern,t,0.00,0.00,0.00,86400000,86400000,MT-VIEW-ME-DOC,175041,512301,0,1,109,f,207,t,t,t,t,f,f,f,1748,
713,AL,NCIC Demo Site,,2019-11-25 14:49:40.673,2020-05-21 09:57:31.954,,PAID_FOR,f,US/Central,f,0.00,0.00,0.00,86400000,86400000,NCIC_DEMO,175041,120766,0,1,109,f,201,t,f,t,t,f,f,f,,
83,AL,Donaldson ,,2016-09-13 12:12:22,2020-05-15 12:50:29.092,"10.100.4.1,10.100.7.254",PAID_FOR,f,US/Central,f,0.00,0.00,0.00,86400000,86400000,DONALDSON_AL_DOC,175041,120766,0,1,109,f,201,t,t,t,t,f,f,f,607,
227,AL,ZZ_Etowah County_INACTIVE,,2017-07-31 12:59:01.603,2020-05-15 12:54:42.39,,PAID_FOR,f,US/Central,f,0.00,0.00,0.00,86400000,86400000,ETOWAH_AL,,,0,0,,f,205,f,f,f,f,f,f,f,580,
388,VA,ZZ_Riverside Regional_INACTIVE,,2018-01-24 14:58:25.657,2019-12-20 10:23:05.622,,PAID_FOR,f,US/Eastern,f,0.00,0.00,0.00,86400000,86400000,RIVERSIDE_VA,,,0,1,,f,804,t,t,t,t,f,t,f,,
529,AR,AR DOC State Police Barracks,,2018-05-24 14:37:14.359,2020-03-26 14:01:59.045,"12.184.211.186,12.184.211.186;12.184.211.190,12.184.211.190",PAID_FOR,f,US/Central,t,0.00,0.00,0.00,86400000,86400000,STATE_POLICE_BARRACKS_AR_DOC,175041,120766,0,1,109,f,201,t,t,t,t,f,f,f,,https://tcontent.edovo.com
673,ME,ME DOC Maine Correctional Center,,2018-11-12 07:00:39.814,2020-05-15 13:21:32.642,"10.1.92.0,10.1.95.255",PAID_FOR,f,US/Eastern,t,0.00,0.00,0.00,86400000,86400000,MCC-ME-DOC,175041,512301,0,1,109,f,207,t,t,t,t,f,f,f,1747,
712,NC,Moore County,,2019-11-12 16:17:57.041,2020-05-18 13:28:21.595,"10.1.168.0,10.1.171.255",PAID_FOR,f,US/Eastern,t,0.00,0.00,0.00,86400000,86400000,MOORE_NC,175041,120766,1,1,109,f,910,t,t,t,t,f,f,f,1830,
21,CA,Madera County,,2016-02-15 12:43:47,2020-05-15 13:19:22.798,"10.0.28.1,10.0.31.255",PAID_FOR,f,US/Pacific,t,0.00,0.00,0.00,86400000,86400000,MADERA_CA,175041,120766,0,1,109,f,201,t,t,t,t,f,f,f,616,
145,MA,Middlesex County,,2016-12-13 12:50:32,2020-05-26 12:12:11.313,"10.0.108.1,10.0.111.255",PAID_FOR,f,US/Eastern,t,0.00,0.00,0.00,86400000,86400000,Middlesex_MA,175041,120766,0,1,109,f,201,t,t,t,t,f,f,f,1624,
292,AR,AR DOC Tucker Maximum Security Unit,,2017-10-10 09:54:06.678,2020-03-26 14:02:11.569,"65.120.151.246,65.120.151.246",PAID_FOR,f,US/Central,t,0.00,0.00,0.00,86400000,86400000,TUCKER_MAXIMUM_AR_DOC,175041,120766,0,1,109,f,501,t,t,t,t,f,f,f,,https://tcontent.edovo.com
460,MT,MT DOC Montana Women's Prison,,2018-04-27 14:38:57.956,2020-05-18 13:29:12.219,"10.0.216.1,10.0.219.254",PAID_FOR,f,US/Mountain,t,0.00,0.00,0.00,86400000,86400000,MWPMTDOC,175041,120766,1,1,109,f,406,t,t,t,t,f,f,f,1698,
598,IN,Hendricks County,,2018-10-10 19:40:06.57,2020-05-15 12:58:12.749,"10.1.28.0,10.1.31.255",PAID_FOR,f,US/Eastern,t,0.00,0.00,0.00,86400000,86400000,HENDRICKS_IN,175041,120766,0,1,109,f,219,t,t,t,t,f,f,f,1737,
695,WA,Yakima County,,2019-06-12 15:02:17.521,2020-05-18 14:26:01.668,"10.1.156.0,10.1.163.255",PAID_FOR,f,US/Pacific,t,0.00,0.00,0.00,86400000,86400000,YAKIMA_WA,175041,571637,1,1,109,f,509,t,t,t,t,f,f,f,1801,
726,MT,St.Louis County,,2020-04-01 09:43:08.259,2020-05-18 13:56:57.036,"12.232.136.58,12.232.136.58;104.52.18.67,104.52.18.67",PAID_FOR,f,US/Mountain,f,0.00,0.00,0.00,86400000,86400000,ST_LOUIS_MO,,,1,1,,f,573,f,t,f,f,f,f,f,1863,
13,IL,IYC Warrenville,,2015-07-21 17:59:40,2020-05-15 13:04:05.881,"10.0.20.20,10.0.23.254",PAID_FOR,f,US/Central,f,0.00,0.00,0.00,86400000,86400000,WARRENVILLE_IYC,175041,120766,0,1,109,f,630,t,t,f,f,f,f,f,1620,
130,IL,Woodford County,,2016-11-09 16:37:47,2020-05-14 16:09:18.565,"10.0.104.1,10.0.107.255",PAID_FOR,f,US/Central,t,0.00,0.00,0.00,86400000,86400000,WOODFORD_IL,175041,426288,0,1,109,f,309,t,t,t,t,f,f,f,576,
280,AR,AR DOC Pine Bluff Unit,,2017-10-10 09:05:42.272,2020-03-26 14:01:48.406,"12.184.211.198,12.184.211.198",PAID_FOR,f,US/Central,t,0.00,0.00,0.00,86400000,86400000,PINE_BLUFF_AR_DOC,175041,120766,0,1,109,f,501,t,t,t,t,f,f,f,,https://tcontent.edovo.com
433,CA,Madera County Juvenile Services,,2018-04-16 07:39:20.176,2020-05-15 13:20:23.87,"10.110.0.0,10.110.3.255",PAID_FOR,f,US/Pacific,f,0.00,0.00,0.00,86400000,86400000,MADERA_JUVI_SERV_CA,175041,120766,0,1,109,f,559,t,t,t,t,f,f,f,1712,
574,IN,Washington County,,2018-09-19 15:45:05.021,2020-05-18 14:22:02.923,"10.1.8.1,10.1.11.1",PAID_FOR,f,US/Central,t,0.00,0.00,0.00,86400000,86400000,WASHINGTON_IN,175041,120766,0,1,109,f,219,t,t,t,t,f,f,f,1735,
690,NC,Scotland County,,2019-04-13 11:12:55.373,2020-03-26 14:41:58.817,"174.108.135.242,174.108.135.244",PAID_FOR,f,US/Eastern,t,0.00,0.00,0.00,86400000,86400000,SCOTLAND_NC,175041,120766,0,1,109,f,252,t,t,t,t,f,f,f,,
722,PA,Perry County,,2020-02-10 15:03:59.547,2020-06-05 12:50:05.457,"65.79.247.175,65.79.247.177;65.79.247.1,65.79.247.1",PAID_FOR,f,US/Eastern,f,0.00,0.00,0.00,86400000,86400000,PERRY_PA,175041,120766,0,1,109,f,717,t,t,t,t,f,f,f,,
19,IL,Edovo Go Demo,,2016-01-27 12:53:59,2020-03-26 14:14:43.991,,PAID_FOR,t,US/Central,f,0.00,0.00,0.00,86400000,86400000,GO_DEMO,175041,120766,1,1,117,f,201,t,t,t,t,f,f,f,,
141,IL,ZZ_North Lawndale ATC_INACTIVE,,2016-12-02 17:10:48,2019-12-20 09:58:39.424,,PAID_FOR,f,US/Central,f,0.00,0.00,0.00,86400000,86400000,NORTH LAWNDALE_IL,,,0,0,,f,773,f,f,f,f,f,f,f,,
289,AR,AR DOC Randall Williams Facility,,2017-10-10 09:51:38.03,2020-03-26 14:01:53.588,"12.239.92.94,12.239.92.94",PAID_FOR,f,US/Central,t,0.00,0.00,0.00,86400000,86400000,RANDALL_WILLIAMS_AR_DOC,175041,120766,0,1,109,f,501,t,t,t,t,f,f,f,,https://tcontent.edovo.com
454,MT,MT DOC Montana State Prison,,2018-04-27 14:18:59.79,2020-07-29 12:03:18.531,"10.0.212.1,10.0.215.254",PAID_FOR,f,US/Mountain,t,0.00,0.00,0.00,86400000,86400000,MSPMTDOC,175041,120766,1,1,109,f,406,t,t,t,t,f,f,f,1697,
592,OK,Cleveland County,,2018-10-02 12:12:26.55,2020-05-15 12:46:40.692,"10.1.24.0,10.1.27.255",PAID_FOR,f,US/Central,t,0.00,0.00,0.00,86400000,86400000,CLEVELAND_OK,175041,120766,1,1,109,f,405,t,t,t,t,f,f,f,1740,
694,CA,Santa Cruz County Juvenile,,2019-05-15 09:29:12.966,2020-05-18 13:52:24.972,"10.1.152.1,10.1.155.255",PAID_FOR,f,US/Pacific,t,0.00,0.00,0.00,86400000,86400000,SANTA_CRUZ_JUV_CA,175041,120766,0,1,109,f,831,t,t,t,t,f,f,f,614,
725,GA,Dooly County,,2020-03-11 13:32:56.205,2020-03-26 14:13:52.588,"12.21.181.18,12.21.181.18",PAID_FOR,f,US/Eastern,t,0.00,0.00,0.00,86400000,86400000,DOOLY-GA,,120766,0,1,109,f,229,t,t,t,t,f,f,f,,
5,CA,ZZ_Napa County_INACTIVE,,,2020-05-18 13:30:41.62,,PAID_FOR,f,US/Pacific,f,0.00,0.00,0.00,86400000,86400000,NAPA_CA,175041,120766,0,1,,f,201,f,f,t,t,f,f,f,613,
113,CA,Madera County Juvenile ,,2016-10-24 14:49:47,2020-05-15 13:20:01.738,"10.0.44.1,10.0.47.255",PAID_FOR,f,US/Pacific,f,0.00,0.00,0.00,86400000,86400000,MADERA_JUVI_CA,175041,120766,0,1,109,f,201,t,t,t,t,f,f,f,617,
262,AR,AR DOC Mississippi County Work Release,,2017-10-10 08:56:44.279,2020-03-26 14:00:50.89,"64.233.149.102,64.233.149.102",PAID_FOR,f,US/Central,t,0.00,0.00,0.00,86400000,86400000,MISSISSIPPI_AR_DOC,175041,120766,0,1,109,f,501,t,t,t,t,f,f,f,,https://tcontent.edovo.com
415,PA,Warren County,,2018-03-12 11:20:47.833,2020-05-18 14:21:43.081,"10.0.176.1,10.0.179.254",PAID_FOR,f,US/Eastern,f,0.00,0.00,0.00,86400000,86400000,WARREN_PA,,,0,1,109,f,814,t,t,t,t,f,f,f,1683,
550,VA,Rockingham County,,2018-07-19 18:49:55.372,2020-05-18 13:45:32.053,"204.111.172.170,204.111.172.172",PAID_FOR,f,US/Eastern,t,0.00,0.00,0.00,86400000,86400000,ROCKINGHAM_VA,175041,120766,1,1,109,f,336,t,t,t,t,f,f,f,1729,
685,CA,San Bernardino County,,2019-01-15 07:16:32.834,2020-07-29 11:29:18.66,"10.1.116.0,10.1.119.255",PAID_FOR,f,US/Pacific,t,0.00,0.00,0.00,86400000,86400000,SAN_BERNARDINO_CA,175041,120766,0,1,109,f,209,t,t,t,t,f,f,f,,
717,TN,Trousdale County,,2020-01-13 08:51:35.22,2020-03-26 14:43:19.37,"96.79.227.145,96.79.227.147",PAID_FOR,f,US/Central,t,0.00,0.00,0.00,86400000,86400000,TROUSDALE_TN,,120766,0,1,109,f,615,f,t,t,t,f,f,f,,
4,CA,Napa County,,,,"10.0.4.0,10.0.7.255",PAID_FOR,f,US/Pacific,f,0.00,0.00,0.00,86400000,86400000,,175041,96334,0,0,,f,,f,f,f,f,f,f,f,,
108,MO,ZZ_Lincoln County_INACTIVE,,2016-10-13 16:21:16,2020-05-18 15:59:33.211,,PAID_FOR,f,US/Central,f,0.00,0.00,0.00,86400000,86400000,ZZ_LINCOLN_MO_INACTIVE,175041,120766,1,1,,f,201,t,t,t,t,f,t,f,1626,
256,IL,ZZ_Aramark Demo,,2017-09-26 09:15:26.558,2020-07-10 12:16:35.718,,PAID_FOR,t,US/Central,f,0.00,0.00,0.00,86400000,86400000,Aramark_Demo,175041,96334,1,0,,f,201,f,t,f,f,f,f,f,,
412,FL,Seminole County,,2018-03-12 11:15:45.497,2020-03-26 14:42:10.035,"24.227.119.18,24.227.119.18",PAID_FOR,f,US/Eastern,f,0.00,0.00,0.00,86400000,86400000,SEMINOLE_FL,,,0,1,117,f,321,t,t,t,t,f,f,f,,
547,WI,Pierce County,,2018-07-18 23:54:40.551,2020-03-26 14:33:28.346,"10.0.248.0,10.0.251.255",PAID_FOR,f,US/Central,t,0.00,0.00,0.00,86400000,86400000,PIERCE_WI,175041,120766,1,1,109,f,201,t,t,t,t,f,f,f,,
684,NC,Paytel Lab Stand Alone CDN,,2019-01-04 13:46:43.199,2019-11-15 10:23:39.794,"184.75.233.222,184.75.233.222;184.75.233.220,184.75.233.220;184.75.233.216,184.75.233.216",PAID_FOR,f,US/Eastern,f,0.00,0.00,0.00,86400000,86400000,,,,1,1,109,f,201,t,t,t,t,f,t,f,,
716,TN,Meigs County,,2020-01-13 08:49:04.289,2020-03-26 14:33:42.384,"47.49.237.89,47.49.237.92;10.10.192.1,10.10.192.255",PAID_FOR,f,US/Eastern,t,0.00,0.00,0.00,86400000,86400000,MEIGS_TN,,120766,0,1,109,f,423,f,t,t,t,f,f,f,,
26,CA,ZZ_Sacramento Staff,,2016-04-01 16:10:34,2019-12-19 14:06:58.815,,PAID_FOR,f,US/Pacific,f,0.00,0.00,0.00,86400000,86400000,SACRAMENTO_CA_STAFF,,,0,0,,f,201,f,f,f,f,f,f,f,,
156,CA,Mono County,,2017-01-26 17:50:34,2020-05-18 13:27:46.225,"10.0.120.1,10.0.123.255",PAID_FOR,f,US/Pacific,f,0.00,0.00,0.00,86400000,86400000,Mono_CA,175041,120766,0,1,109,f,201,t,t,t,t,f,f,f,611,
298,AR,AR DOC Tucker Reentry Center,,2017-10-10 09:56:15.937,2020-03-26 14:02:17.527,"65.122.107.78,65.122.107.78",PAID_FOR,f,US/Central,t,0.00,0.00,0.00,86400000,86400000,TUCKER_REENTRY_DOC,175041,120766,0,1,109,f,501,t,t,t,t,f,f,f,,https://tcontent.edovo.com
466,MT,MT DOC Riverside,,2018-04-27 16:05:07.344,2020-05-18 13:30:07.338,"10.0.224.1,10.0.227.254",PAID_FOR,f,US/Mountain,f,0.00,0.00,0.00,86400000,86400000,RiversideMTDOC,175041,120766,1,1,109,f,406,t,t,t,t,f,f,f,1701,
607,KS,KDOC Norton,,2018-10-17 12:27:21.34,2020-05-15 13:10:19.01,"10.1.36.0,10.1.39.255",PAID_FOR,f,US/Central,t,0.00,0.00,0.00,86400000,86400000,NORTON_KDOC,175041,120766,0,1,109,f,316,t,t,t,t,f,f,f,1758,
697,NC,Pitt County,,2019-07-08 17:48:47.834,2020-03-26 14:33:35.316,"12.190.101.234,12.190.101.237",PAID_FOR,f,US/Eastern,t,0.00,0.00,0.00,86400000,86400000,PITT_NC,175041,120766,0,1,109,f,252,t,t,t,t,f,f,f,,
728,MO,Bates County,,2020-05-11 15:23:07.492,2020-06-30 13:46:46.935,"75.171.44.169,75.171.44.173",PAID_FOR,f,US/Central,t,0.00,0.00,0.00,86400000,86400000,BATES_MO,175041,120766,1,1,109,f,314,t,t,t,t,f,f,f,,
11,PA,ZZ_Allegheny County_INACTIVE,,2015-07-13 23:49:09,2020-05-15 12:41:40.974,,PAID_FOR,f,US/Eastern,f,0.00,0.00,0.00,86400000,86400000,ALLEGHENY_PA,175041,120766,0,1,,f,201,f,f,t,t,f,f,f,601,
126,MO,ZZ_Christian County_INACTIVE,,2016-11-03 13:54:57,2020-05-15 12:44:50.188,,PAID_FOR,f,US/Central,f,0.00,0.00,0.00,86400000,86400000,CHRISTIAN_MO,,,0,1,,f,201,t,t,t,t,f,f,f,1627,
277,AR,AR DOC McPherson Unit,,2017-10-10 09:03:55.204,2020-03-26 14:00:37.264,"12.184.209.222,12.184.209.222",PAID_FOR,f,US/Central,t,0.00,0.00,0.00,86400000,86400000,MCPHERSON_AR_DOC,175041,120766,0,1,109,f,501,t,t,t,t,f,f,f,,https://tcontent.edovo.com
427,TN,ZZ_Rutherford County_INACTIVE,,2018-03-29 16:55:49.426,2019-12-20 10:30:29.123,,PAID_FOR,f,US/Central,f,0.00,0.00,0.00,86400000,86400000,RUTHERFORD_TN,,,0,0,,f,615,f,f,f,f,f,f,f,,
568,MA,Dukes County,,2018-09-18 11:16:19.123,2020-05-15 12:51:35.577,"10.1.12.1,10.1.15.255",PAID_FOR,f,US/Eastern,t,0.00,0.00,0.00,86400000,86400000,DUKES_MA,175041,120766,0,1,109,f,508,t,t,t,t,f,f,f,1736,
689,KS,ZZ_KDOC Test Facility_INACTIVE,,2019-03-20 18:14:02.162,2020-05-26 09:07:45.567,,PAID_FOR,f,US/Central,t,0.00,0.00,0.00,86400000,86400000,TEST_KDOC,175041,120766,1,1,,f,785,t,t,t,t,f,t,f,,
721,GA,Madison County,,2020-02-10 14:57:08.325,2020-03-26 14:24:04.726,"47.46.128.202,47.46.128.204",PAID_FOR,f,US/Eastern,t,0.00,0.00,0.00,86400000,86400000,MADISON-GA,,120766,0,1,109,f,706,f,t,t,t,f,f,f,,
24,IL,Edovo Content Preview,,2016-03-29 14:26:37,2020-03-26 14:14:23.499,,PAID_FOR,t,US/Central,f,0.00,0.00,0.00,86400000,86400000,EDOVO_CONTENT_PREVIEW,175041,120766,0,0,115,f,201,t,t,t,t,f,f,f,,
152,ME,Somerset County,,2017-01-25 14:47:18,2020-03-25 11:09:10.178,"71.181.8.98,71.181.8.98",PAID_FOR,f,US/Eastern,f,0.00,0.00,0.00,86400000,86400000,SOMERSET_ME,175041,120766,0,1,109,f,201,t,t,t,t,f,f,f,,
295,AR,AR DOC Tucker Unit,,2017-10-10 09:55:11.407,2020-03-26 14:02:27.262,"65.120.147.126,65.120.147.126",PAID_FOR,f,US/Central,t,0.00,0.00,0.00,86400000,86400000,TUCKER_AR_DOC,175041,120766,0,1,109,f,501,t,t,t,t,f,f,f,,https://tcontent.edovo.com
463,MT,MT DOC Pine Hills,,2018-04-27 14:55:18.963,2020-05-18 13:29:43.02,"10.0.220.1,10.0.223.254",PAID_FOR,f,US/Mountain,f,0.00,0.00,0.00,86400000,86400000,PHJMTDOC,175041,120766,1,1,109,f,406,t,t,t,t,f,f,f,1699,
604,KS,KDOC Topeka,,2018-10-17 12:26:36.739,2020-05-15 13:11:59.827,"10.1.32.0,10.1.35.255",PAID_FOR,f,US/Central,t,0.00,0.00,0.00,86400000,86400000,TOPEKA-KDOC,175041,120766,0,1,109,f,316,t,t,t,t,f,f,f,1741,
696,FL,Citrus County,,2019-06-25 10:49:59.351,2020-03-26 14:05:01.581,"63.144.197.138,63.144.197.138",PAID_FOR,f,US/Eastern,t,0.00,0.00,0.00,86400000,86400000,CITRUS_COUNTY,175041,120766,0,1,109,f,352,t,t,t,t,f,f,f,,
727,MO,Jasper County,,2020-05-11 15:07:46.714,2020-06-30 13:46:37.561,"162.249.49.35,162.249.49.71",PAID_FOR,f,US/Central,t,0.00,0.00,0.00,86400000,86400000,JASPER_MO,175041,120766,1,1,109,f,314,t,t,t,t,f,f,f,,
35,NC,High Point,,2016-04-21 08:54:52,2020-05-15 12:59:14.932,"10.0.32.0,10.0.35.255",PAID_FOR,f,US/Eastern,f,0.00,0.00,0.00,86400000,86400000,HIGH_POINT_NC,175041,120766,1,1,109,f,201,t,t,t,t,f,f,f,1631,
163,NY,ZZ_Ulster County,,2017-03-15 17:59:13,2020-05-18 14:18:43.796,,PAID_FOR,f,US/Eastern,f,0.00,0.00,0.00,86400000,86400000,Ulster_NY,175041,120766,1,1,,f,201,t,t,f,f,f,t,f,605,
310,WI,ZZ_Ozaukee County_INACTIVE,,2017-10-20 16:17:11.952,2019-12-20 10:09:18.694,,PAID_FOR,f,US/Central,f,0.00,0.00,0.00,86400000,86400000,OZAUKEE_WI,175041,120766,0,1,,f,262,t,t,t,t,f,f,f,,
475,VA,ZZ_Rockbridge Regional,,2018-04-30 10:35:43.892,2020-07-21 13:31:45.298,,PAID_FOR,f,US/Eastern,f,0.00,0.00,0.00,86400000,86400000,ROCKBRIDGE_VA,175041,120766,1,1,,f,540,t,t,t,t,f,f,f,1718,
619,ID,ID DOC ISCC,,2018-10-17 12:29:27.754,2020-05-19 14:57:11.207,"10.1.84.0,10.1.87.255",PAID_FOR,f,US/Mountain,t,0.00,0.00,0.00,86400000,86400000,ISCC_ID_DOC,175041,120766,0,1,109,f,208,t,t,t,t,f,f,f,1618,
699,NC,Davidson County,,2019-07-11 10:46:24.064,2020-03-26 14:11:51.707,"174.108.228.98,174.108.228.100",PAID_FOR,f,US/Eastern,t,0.00,0.00,0.00,86400000,86400000,DAVIDSON_NC,175041,120766,0,1,109,f,704,t,t,t,t,f,f,f,,
730,CA,San Louis Obispo County Jail,,2020-06-08 14:17:14.422,2020-06-09 17:44:49.649,"12.192.46.106,12.192.46.106;162.251.191.230,162.251.191.230",PAID_FOR,f,US/Pacific,f,0.00,0.00,0.00,86400000,86400000,,175041,120766,1,1,109,f,201,t,t,t,t,f,f,f,1869,
3,IL,default,,,2020-07-23 15:54:11.973,,PAID_FOR,f,US/Central,f,1.00,3.00,10.00,420000,180000,DEFAULT,175041,120766,1,0,109,f,201,f,f,f,f,f,t,f,,https://tcontent.edovo.com
99,IL,Experience the Difference,,2016-10-10 13:39:23,2020-03-24 11:42:04.768,,PAID_FOR,t,US/Central,f,0.00,0.00,0.00,86400000,86400000,ETD_DEMO,175041,120766,0,1,109,f,307,t,t,t,t,f,t,f,,
248,KY,Louisville Metro ,,2017-09-06 14:12:44.281,2020-05-15 13:18:30.952,"10.0.156.1,10.0.159.255",PAID_FOR,f,US/Eastern,f,0.00,0.00,0.00,86400000,86400000,LOUISVILLE_KY,175041,120766,0,1,109,f,270,t,t,t,t,f,f,f,596,
406,SC,Dorchester County,,2018-03-06 20:02:40.642,2020-05-15 12:51:09.548,"10.0.72.1,10.0.75.254;74.118.241.157,74.118.241.157",PAID_FOR,f,US/Eastern,t,0.00,0.00,0.00,86400000,86400000,DORCHESTER_SC,175041,120766,1,1,109,f,201,t,t,t,t,f,f,f,1706,
541,CA,Santa Barbara County,,2018-06-29 08:36:04.128,2020-05-18 13:51:54.833,"10.0.240.0,10.0.243.255",PAID_FOR,f,US/Pacific,f,0.00,0.00,0.00,86400000,86400000,SANTA_BARBARA_CA,,120766,1,1,109,f,805,t,t,t,t,f,f,f,1685,
683,VA,ZZ_Henry County,,2018-12-17 10:23:52.732,2020-07-21 13:33:10.748,,PAID_FOR,f,US/Eastern,f,0.00,0.00,0.00,86400000,86400000,HENRY_VA,175041,120766,0,1,,f,276,t,f,t,t,f,f,f,1762,
715,CA,Chula Vista,,2020-01-13 08:47:31.451,2020-05-15 12:45:50.775,"10.1.176.1,10.1.179.255",PAID_FOR,f,US/Pacific,t,0.00,0.00,0.00,86400000,86400000,Chula_Vista_CA,175041,120766,0,1,109,f,209,t,t,t,t,f,f,f,1858,
2,PA,ZZ_Philadelphia Prison System_INACTIVE,http://www.phila.gov/prisons/inmatelocator/inmatelocator.aspx,,2019-08-14 14:13:40.41,,PAID_FOR,f,US/Eastern,f,0.00,0.00,0.00,86400000,86400000,PHILADELPHIA_PA,,,0,0,,f,201,f,f,f,f,f,f,f,,
96,UT,ZZ_Davis County (New Discovery Test),,2016-09-30 11:55:00,2020-07-24 10:16:59.442,,PAID_FOR,f,US/Mountain,f,0.00,0.00,0.00,86400000,86400000,DAVIS_UT,175041,120766,0,1,109,f,201,t,t,t,t,f,f,f,1634,
242,IL,NOC VZW Central Region,,2017-08-04 10:44:24.365,2019-10-08 07:43:12.364,"10.253.0.1,10.253.63.255",PAID_FOR,f,US/Central,f,0.00,0.00,0.00,86400000,86400000,VZW_Central_Region,175041,120766,0,1,109,f,224,t,t,t,t,f,t,f,,
400,VA,Securus Test Site - NNRJ,,2018-02-16 16:06:30.452,2019-10-08 07:50:59.92,"97.77.86.228,97.77.86.228",PAID_FOR,f,US/Eastern,f,0.00,0.00,0.00,86400000,86400000,SECURUS_VA,,,0,1,109,f,201,f,f,f,f,f,t,f,,
538,GA,Burke County (GA),,2018-06-21 21:48:24.536,2020-05-15 12:42:56.331,"10.0.244.0,10.0.247.255;23.31.121.225,23.31.121.227",PAID_FOR,f,US/Eastern,t,0.00,0.00,0.00,86400000,86400000,BURKE_GA,175041,120766,1,1,109,f,229,t,t,t,t,f,f,f,1731,
682,ME,ME DOC Maine State Prison,,2018-11-12 07:02:37.169,2020-05-15 13:21:57.925,"10.1.100.0,10.1.103.255",PAID_FOR,f,US/Eastern,t,0.00,0.00,0.00,86400000,86400000,MSP_ME_DOC,175041,512301,0,1,109,f,207,t,t,t,t,f,f,f,1746,
714,NC,Burke County (NC),,2019-12-25 10:51:13.562,2020-03-26 14:04:10.984,"192.230.178.202,192.230.178.204",PAID_FOR,f,US/Eastern,t,0.00,0.00,0.00,86400000,86400000,BURKE_NC,,,0,1,109,f,201,t,t,t,t,f,f,f,,
57,WI,[DEMO - Basic Mail] ,,2016-07-21 10:47:19,2020-07-29 12:14:08.044,,PAID_FOR,f,US/Central,t,0.00,0.00,0.00,86400000,86400000,,,,1,0,109,f,608,t,f,t,t,f,f,f,,
205,MI,MI DOC Baraga,,2017-07-06 07:56:15.682,2020-05-15 13:25:05.866,"10.0.144.0,10.0.147.255",PAID_FOR,f,US/Michigan,t,0.00,0.00,0.00,86400000,86400000,BARAGA_MI_DOC,175041,120766,0,1,109,f,248,t,t,t,t,f,f,f,592,
358,FL,St. Johns County,,2017-12-20 00:39:54.886,2020-05-18 13:53:18.383,"10.0.236.1,10.0.239.254;96.75.17.9,96.75.17.12",PAID_FOR,f,US/Central,t,0.00,0.00,0.00,86400000,86400000,ST_JOHNS_FL,175041,120766,1,1,109,f,321,t,t,t,t,f,f,f,1675,
511,AR,AR DOC NW Arkansas Work Release Center,,2018-05-24 14:04:48.307,2020-03-26 14:01:30.601,"70.163.47.180,70.163.47.180",PAID_FOR,f,US/Central,t,0.00,0.00,0.00,86400000,86400000,NW_ARKANSAS_WR_AR_DOC,175041,120766,0,1,109,f,201,t,t,t,t,f,f,f,,https://tcontent.edovo.com
652,KS,KDOC Hutchinson,,2018-10-29 09:52:40.016,2020-05-15 13:08:31.609,"10.1.60.0,10.1.63.255;10.1.124.0,10.1.127.255",PAID_FOR,f,US/Central,t,0.00,0.00,0.00,86400000,86400000,HUTCHINSON_KDOC,175041,120766,0,1,109,f,316,t,t,t,t,f,f,f,1755,
707,GA,Lamar County,,2019-09-25 20:39:06.466,2020-03-26 14:22:54.522,"12.222.92.18,12.222.92.20",PAID_FOR,f,US/Eastern,t,0.00,0.00,0.00,86400000,86400000,LAMAR_GA,175041,120766,0,1,109,f,201,t,t,t,t,f,f,f,,
54,ID,ZZ_ISCC_INACTIVE,https://www.idoc.idaho.gov/content/prisons/offender_search,2016-07-13 11:47:56,2018-04-02 11:07:13.248,,PAID_FOR,f,US/Mountain,f,0.00,0.00,0.00,86400000,86400000,ID_DOC_ISCC,175041,120766,0,0,,f,201,f,f,f,f,f,f,f,,
199,GA,ZZ_Mitchell County_INACTIVE,,2017-07-05 08:13:44.763,2020-05-18 13:27:13.281,,PAID_FOR,f,US/Eastern,f,0.00,0.00,0.00,86400000,86400000,MITCHELL_GA,,,0,1,,f,229,f,f,t,t,f,f,f,1616,
352,IL,Cook County Demo,,2017-12-08 16:39:30.454,2020-03-26 14:11:44.514,,PAID_FOR,f,US/Central,f,0.00,0.00,0.00,86400000,86400000,COOK_IL,175041,120766,0,1,109,f,312,t,t,t,t,f,f,f,,
508,AR,AR DOC North Central Unit,,2018-05-24 14:04:03.551,2020-03-26 14:01:23.722,"216.134.225.222,216.134.225.222",PAID_FOR,f,US/Central,t,0.00,0.00,0.00,86400000,86400000,NORTH_CENTRAL_AR_DOC,175041,120766,0,1,109,f,201,t,t,t,t,f,f,f,,https://tcontent.edovo.com
649,KS,KDOC Wichita,,2018-10-29 09:50:44.316,2020-05-15 13:12:27.972,"10.1.56.0,10.1.59.255",PAID_FOR,f,US/Central,t,0.00,0.00,0.00,86400000,86400000,WICHITA_WR_KDOC,175041,120766,0,1,109,f,316,t,t,t,t,f,f,f,1760,
706,GA,Upson County,,2019-09-25 12:04:25.396,2020-03-26 14:43:34.297,"24.178.118.170,24.178.118.172",PAID_FOR,f,US/Eastern,t,0.00,0.00,0.00,86400000,86400000,UPSON_GA,175041,120766,0,1,109,f,361,t,t,t,t,f,f,f,,
33,IL,Developers,,2016-04-13 10:16:40,2020-06-23 14:30:24.083,"192.168.50.1,192.168.50.255;192.168.0.1,192.168.0.255",PAID_FOR,f,US/Central,f,0.00,0.00,0.00,86400000,86400000,DEV,175041,120766,1,1,109,f,308,t,t,t,t,f,f,f,,
160,CA,Legacy Office,,2017-02-14 15:41:29,2019-05-23 13:15:42.693,"207.141.247.178,207.141.247.188;173.198.31.0,173.198.31.255;172.25.0.0,172.25.3.255",PAID_FOR,f,US/Pacific,f,0.00,0.00,0.00,86400000,86400000,Legacy_Headquarters,175041,120766,1,0,109,f,201,f,t,f,f,f,t,f,,
304,NM,McKinley County,,2017-10-19 12:44:03.911,2020-05-15 13:21:12.717,"10.0.204.1,10.0.207.254;",PAID_FOR,f,US/Mountain,t,0.00,0.00,0.00,86400000,86400000,MCKINLEY_NM,175041,120766,1,1,109,f,505,t,t,t,t,f,f,f,1653,
472,MT,ZZ_MT DOC Lewistown Infirmary_INACTIVE,,2018-04-27 16:15:09.351,2020-05-15 13:16:56.092,,PAID_FOR,f,US/Mountain,f,0.00,0.00,0.00,86400000,86400000,LIMTDOC,,,0,0,,f,406,f,f,f,f,f,f,f,1700,
613,KS,KDOC Lansing,,2018-10-17 12:28:16.14,2020-05-15 13:09:23.497,"10.1.40.0,10.1.43.255",PAID_FOR,f,US/Central,t,0.00,0.00,0.00,86400000,86400000,LANSING_KDOC,175041,120766,0,1,109,f,316,t,t,t,t,f,f,f,1756,
698,OR,Jackson County Transition Center (OR),,2019-07-08 17:52:28.701,2020-04-07 07:01:06.994,"10.1.136.0,10.1.139.255",PAID_FOR,f,US/Pacific,t,0.00,0.00,0.00,86400000,86400000,JACKSON_OR,175041,120766,1,1,109,f,541,t,t,t,t,f,f,f,,
729,AR,Prairie County Jail,,2020-06-08 14:14:57.174,2020-07-14 17:23:03.748,"66.112.103.173,66.112.103.174",PAID_FOR,f,US/Central,f,0.00,0.00,0.00,86400000,86400000,,175041,120766,0,1,109,f,201,t,t,t,t,f,f,f,,
